-- MySQL dump 10.13  Distrib 8.0.19, for Win64 (x86_64)
--
-- Host: localhost    Database: pruebatecnica
-- ------------------------------------------------------
-- Server version	8.0.30

/*!40101 SET @OLD_CHARACTER_SET_CLIENT=@@CHARACTER_SET_CLIENT */;
/*!40101 SET @OLD_CHARACTER_SET_RESULTS=@@CHARACTER_SET_RESULTS */;
/*!40101 SET @OLD_COLLATION_CONNECTION=@@COLLATION_CONNECTION */;
/*!50503 SET NAMES utf8mb4 */;
/*!40103 SET @OLD_TIME_ZONE=@@TIME_ZONE */;
/*!40103 SET TIME_ZONE='+00:00' */;
/*!40014 SET @OLD_UNIQUE_CHECKS=@@UNIQUE_CHECKS, UNIQUE_CHECKS=0 */;
/*!40014 SET @OLD_FOREIGN_KEY_CHECKS=@@FOREIGN_KEY_CHECKS, FOREIGN_KEY_CHECKS=0 */;
/*!40101 SET @OLD_SQL_MODE=@@SQL_MODE, SQL_MODE='NO_AUTO_VALUE_ON_ZERO' */;
/*!40111 SET @OLD_SQL_NOTES=@@SQL_NOTES, SQL_NOTES=0 */;

--
-- Table structure for table `alquiler`
--

DROP TABLE IF EXISTS `alquiler`;
/*!40101 SET @saved_cs_client     = @@character_set_client */;
/*!50503 SET character_set_client = utf8mb4 */;
CREATE TABLE `alquiler` (
  `fecha` datetime DEFAULT NULL,
  `id` bigint NOT NULL AUTO_INCREMENT,
  `tiempo` int DEFAULT NULL,
  `valor_total` double DEFAULT NULL,
  `saldo` double DEFAULT NULL,
  `abono_inicial` double DEFAULT NULL,
  `devuelto` enum('SI','NO') DEFAULT NULL,
  `carro_id` bigint DEFAULT NULL,
  `cliente_id` bigint DEFAULT NULL,
  PRIMARY KEY (`id`),
  CONSTRAINT `alquiler_carro_FK` FOREIGN KEY (`id`) REFERENCES `carro` (`id`),
  CONSTRAINT `alquiler_cliente_FK` FOREIGN KEY (`id`) REFERENCES `cliente` (`id`) ON DELETE CASCADE ON UPDATE CASCADE
) ENGINE=InnoDB AUTO_INCREMENT=701 DEFAULT CHARSET=utf8mb4 COLLATE=utf8mb4_0900_ai_ci;
/*!40101 SET character_set_client = @saved_cs_client */;

--
-- Dumping data for table `alquiler`
--

LOCK TABLES `alquiler` WRITE;
/*!40000 ALTER TABLE `alquiler` DISABLE KEYS */;
INSERT INTO `alquiler` VALUES ('2024-03-11 03:12:04',1,2,123569840,123369840,200000,'NO',1,94),('2024-03-28 02:36:33',2,16,1235492416,1234992416,500000,'NO',4,11),('2024-03-22 20:31:41',3,20,1137786020,1137186020,600000,'NO',5,80),('2024-04-02 03:19:18',4,16,753761456,753361456,400000,'NO',8,30),('2024-03-12 02:17:41',5,20,1163699880,1163349880,350000,'NO',10,12),('2024-03-29 20:56:10',6,18,206343738,206134738,209000,'NO',11,41),('2024-03-31 16:43:33',7,13,768408017,767958017,450000,'NO',12,76),('2024-03-22 08:31:07',8,9,692306028,692206028,100000,'NO',14,47),('2024-04-30 02:02:25',9,16,767921008,767321008,600000,'NO',16,35),('2024-03-29 06:10:09',10,6,42225570,41725570,500000,'NO',17,1),('2024-04-08 22:55:55',11,11,206283462,205683462,600000,'NO',18,96),('2024-03-20 12:01:19',12,8,296644472,295944472,700000,'NO',19,93),('2024-03-21 11:17:06',13,19,706552525,706352525,200000,'NO',21,97),('2024-04-15 19:17:00',14,16,98051360,97551360,500000,'NO',22,29),('2024-04-15 14:19:39',15,12,1016698212,1016098212,600000,'NO',24,95),('2024-03-27 07:19:54',16,18,205449498,205049498,400000,'NO',25,39),('2024-03-13 22:18:25',17,19,1079978658,1079628658,350000,'NO',27,62),('2024-04-13 07:15:04',18,14,374109680,373900680,209000,'NO',29,63),('2024-03-16 23:18:43',19,12,944733108,944283108,450000,'NO',31,58),('2024-03-04 03:49:19',20,2,149078196,148978196,100000,'NO',34,69),('2024-04-02 19:35:46',21,15,501777135,501177135,600000,'NO',38,91),('2024-03-20 19:04:11',22,2,108421900,107921900,500000,'NO',40,24),('2024-03-20 19:04:11',23,2,125014184,124414184,600000,'NO',45,85),('2024-03-20 19:04:11',24,15,553052820,552352820,700000,'NO',46,22),('2024-03-20 19:04:11',25,1,60892198,60692198,200000,'NO',48,49),('2024-03-31 11:56:32',26,3,116397141,115897141,500000,'NO',50,6),('2024-03-08 17:37:36',27,11,530778974,530178974,600000,'NO',53,13),('2024-04-11 02:31:37',28,5,391710355,391310355,400000,'NO',54,9),('2024-12-20 23:02:00',29,17,491309588,490959588,350000,'NO',55,79),('2024-04-11 02:31:37',30,9,489594321,489385321,209000,'NO',56,11),('2024-04-11 02:31:37',31,14,1375229926,1374779926,450000,'NO',61,62),('2024-04-11 02:31:37',32,16,503178304,503078304,100000,'NO',62,94),('2024-04-11 02:31:37',33,3,290119245,289519245,600000,'NO',63,93),('2024-04-11 02:31:37',34,10,537787730,537287730,500000,'NO',66,1),('2024-04-11 02:31:37',35,15,452964285,452364285,600000,'NO',67,39),('2024-04-11 02:31:37',36,1,98518609,97818609,700000,'NO',69,71),('2024-04-11 02:31:37',37,12,373881516,373681516,200000,'NO',73,0),('2024-04-11 02:31:37',38,2,143945944,143445944,500000,'NO',75,96),('2024-04-11 02:31:37',39,13,1228865664,1228265664,600000,'NO',77,63),('2024-04-11 02:31:37',40,1,80987815,80587815,400000,'NO',78,8),('2024-04-11 02:31:37',41,16,1503267216,1502917216,350000,'NO',79,11),('2024-04-11 02:31:37',42,7,397346922,397137922,209000,'NO',84,12),('2024-04-11 02:31:37',43,9,788937894,788487894,450000,'NO',86,52),('2024-04-11 02:31:37',44,16,1109912320,1109812320,100000,'NO',88,37),('2024-04-11 02:31:37',45,6,144851070,144251070,600000,'NO',90,6),('2024-04-11 02:31:37',46,10,262510160,262010160,500000,'NO',91,8),('2024-04-11 02:31:37',47,3,197761233,197161233,600000,'NO',92,68),('2024-04-11 02:31:37',48,14,1233736574,1233036574,700000,'NO',94,91),('2024-04-11 02:31:37',49,1,23042112,22842112,200000,'NO',95,58),('2024-04-11 02:31:37',50,2,61195522,60995522,200000,'NO',96,29),('2024-04-11 02:31:37',51,17,1552917003,1552717003,200000,'NO',97,23),('2024-04-11 02:31:37',52,20,1733984060,1733784060,200000,'NO',98,64);
/*!40000 ALTER TABLE `alquiler` ENABLE KEYS */;
UNLOCK TABLES;

--
-- Table structure for table `carro`
--

DROP TABLE IF EXISTS `carro`;
/*!40101 SET @saved_cs_client     = @@character_set_client */;
/*!50503 SET character_set_client = utf8mb4 */;
CREATE TABLE `carro` (
  `marca` varchar(100) NOT NULL,
  `modelo` varchar(100) NOT NULL,
  `costo` decimal(10,0) NOT NULL,
  `disponible` enum('SI','NO') NOT NULL,
  `id` bigint NOT NULL AUTO_INCREMENT,
  `placa` varchar(100) CHARACTER SET utf8mb4 COLLATE utf8mb4_0900_ai_ci NOT NULL,
  PRIMARY KEY (`id`),
  UNIQUE KEY `carro_unique` (`placa`)
) ENGINE=InnoDB AUTO_INCREMENT=101 DEFAULT CHARSET=utf8mb4 COLLATE=utf8mb4_0900_ai_ci;
/*!40101 SET character_set_client = @saved_cs_client */;

--
-- Dumping data for table `carro`
--

LOCK TABLES `carro` WRITE;
/*!40000 ALTER TABLE `carro` DISABLE KEYS */;
INSERT INTO `carro` VALUES ('Lexus','GX',61784920,'NO',1,'3D4PH7FGXBT770915'),('Ford','Taurus',96593773,'SI',2,'1FMCU0F73DU889275'),('Ford','Mustang',57685778,'SI',3,'WBABW33454P804067'),('Lamborghini','Diablo',77218276,'NO',4,'1GKKRNED3CJ923907'),('Suzuki','Grand Vitara',56889301,'NO',5,'3VW517AT6EM375333'),('Lotus','Exige',41410272,'SI',6,'3GYFNCE32FS501693'),('BMW','M5',45838798,'SI',7,'4T1BF1FK8EU097580'),('Honda','Civic',47110091,'NO',8,'3N1CE2CP7FL216042'),('Pontiac','Firebird',59833901,'SI',9,'1GD02ZCG1BF306319'),('Dodge','Grand Caravan',58184994,'NO',10,'1C3BCBGG0CN648870'),('Jeep','Grand Cherokee',11463541,'NO',11,'WBAKF5C54CE437225'),('Pontiac','Grand Prix',59108309,'NO',12,'1G6EL12Y41B055436'),('Ford','Club Wagon',18769388,'SI',13,'JN8AS5MTXBW597078'),('Ford','Taurus',76922892,'NO',14,'19UUB2F32FA439956'),('Dodge','Caravan',62487638,'SI',15,'1FMCU0D72AK009547'),('Chevrolet','Silverado 2500',47995063,'NO',16,'KNADH5A33A6145190'),('Pontiac','GTO',7037595,'NO',17,'3D73Y3CL6AG040387'),('GMC','Sierra 1500',18753042,'NO',18,'5NPDH4AE3FH711635'),('Chevrolet','Silverado Hybrid',37080559,'NO',19,'KMHHT6KD1AU919427'),('Buick','Regal',2956752,'SI',20,'1VWAH7A35CC006214'),('Mercedes-Benz','CL65 AMG',37186975,'NO',21,'2C3CK5CV1AH745997'),('Mercury','Villager',6128210,'NO',22,'KNAGM4AD6B5610788'),('Dodge','Grand Caravan',85411228,'SI',23,'WAUEH74F28N428363'),('Maybach','57',84724851,'NO',24,'5N1AT2ML5FC462228'),('Maserati','Gran Sport',11413861,'NO',25,'1FTEW1C89FF065394'),('Dodge','Ram Van 2500',61064972,'SI',26,'1N6AD0CW3EN007573'),('Audi','A8',56840982,'NO',27,'WBAKN9C56FD286621'),('Toyota','Sequoia',47048927,'SI',28,'3VWKP7AJ0EM234015'),('Volkswagen','Golf',26722120,'NO',29,'YV440MBD4F1611920'),('Suzuki','XL-7',69174589,'SI',30,'WBAPK7C53BA338740'),('GMC','Vandura 3500',78727759,'NO',31,'5GADS13S972579486'),('Pontiac','Grand Am',12483890,'SI',32,'4T1BK1EB7FU272013'),('Volvo','V70',99359162,'SI',33,'2C3CCADG2DH363519'),('Chrysler','300',74539098,'NO',34,'KNAFT4A2XB5619412'),('Toyota','Camry Solara',27929792,'SI',35,'KMHTC6AD8EU181336'),('Mercedes-Benz','CLK-Class',65106452,'SI',36,'WBAWB73529P744687'),('Mitsubishi','Mighty Max',34046518,'SI',37,'WAUBF98E78A740997'),('GMC','Acadia',33451809,'NO',38,'WAUMR44E06N463382'),('Dodge','Ram Van 3500',56144240,'SI',39,'WAUXF98KX9A675740'),('Volkswagen','Golf',54210950,'NO',40,'19UUA75658A779942'),('Chevrolet','Corvette',76245261,'SI',41,'1FTEW1E80AK884355'),('Lexus','RX',2043763,'SI',42,'WAUNF98P28A239949'),('Volvo','C30',77048669,'SI',43,'1N4AB7AP2EN651925'),('BMW','745',96542447,'SI',44,'5NPET4AC1AH424451'),('Mazda','Millenia',62507092,'NO',45,'3C3CFFBR0ET630447'),('Saturn','L-Series',36870188,'NO',46,'KMHHT6KD7EU968315'),('Kia','Spectra',79223351,'SI',47,'1N4AA5AP7CC875045'),('Saab','9-3',60892198,'NO',48,'KNAFU5A27B5360798'),('Buick','LeSabre',258955,'SI',49,'WVGEP9BP4FD140825'),('Mitsubishi','Eclipse',38799047,'NO',50,'5UXFB535X6L957072'),('Saab','9-5',41439145,'SI',51,'2G4WD582X61873572'),('MINI','Cooper',37910611,'SI',52,'SCBGU3ZA7EC638495'),('Kia','Optima',48252634,'NO',53,'5J6TF3H57FL585657'),('Mercury','Sable',78342071,'NO',54,'JH4KB16667C604552'),('Chevrolet','Tracker',28900564,'NO',55,'JTJHY7AX9E4752034'),('Kia','Rondo',54399369,'NO',56,'2T1KU4EE4BC842213'),('Ford','Ranger',3815798,'SI',57,'WBALL5C57DE591474'),('GMC','Envoy XL',18337256,'SI',58,'WBALL5C53CE395398'),('Honda','Ridgeline',8079038,'SI',59,'2FMGK5BC2CB208230'),('Volkswagen','rio',41613607,'SI',60,'WAUBFCFL8CN138254'),('Ferrari','599 GTB Fiorano',98230709,'NO',61,'WAUA2AFD2EN378763'),('Honda','Civic Si',31448644,'NO',62,'1FTEW1CM8BF976064'),('Toyota','Tercel',96706415,'NO',63,'1GKS1HE00ER786080'),('Dodge','Viper RT/10',58556481,'SI',64,'2G4WC582871554398'),('Toyota','Corolla',23138027,'SI',65,'JTEBU5JR5B5598675'),('Chevrolet','Avalanche 2500',53778773,'NO',66,'WAULD54B74N549419'),('Pontiac','Grand Prix',30197619,'NO',67,'WBA3G7C56EK036390'),('Ford','Crown Victoria',58007411,'SI',68,'KNDPB3A20D7292207'),('Nissan','Murano',98518609,'NO',69,'1FT7W2A60EE070200'),('Lexus','GX',88678146,'SI',70,'WBASN4C58AC650491'),('Lincoln','MKS',77255566,'SI',71,'3FA6P0PU4FR573819'),('Buick','Park Avenue',19878701,'SI',72,'3D4PH3FG2BT781139'),('Mercedes-Benz','S-Class',31156793,'NO',73,'WAUJC58E04A253342'),('Toyota','Camry',33028740,'SI',74,'YV440MBC6F1406557'),('Dodge','Caliber',71972972,'NO',75,'JH4DC54863S141099'),('Infiniti','G',43871197,'SI',76,'1C4RDJAG9CC522772'),('Nissan','Frontier',94528128,'NO',77,'1GKS2FEJ0DR669348'),('GMC','Sonoma Club Coupe',80987815,'NO',78,'JTDKTUD3XED177411'),('GMC','Envoy',93954201,'NO',79,'WAUNE78P88A911875'),('Chevrolet','Camaro',50461564,'SI',80,'WAUGL68E85A269970'),('Volkswagen','Golf',14094365,'SI',81,'SCBGR3ZA8DC854789'),('BMW','7 Series',88943841,'SI',82,'1FTEW1C88FF278353'),('Ford','E-Series',30886633,'SI',83,'WP0AA2A92DS431055'),('Pontiac','Sunbird',56763846,'NO',84,'SCFHDDAJ7CA298908'),('Ford','Crown Victoria',2943683,'SI',85,'1FTSX2B59AE221915'),('Nissan','Cube',87659766,'NO',86,'1N4AL2AP3AN054020'),('Ford','Probe',2218471,'SI',87,'KM8NU4CC8AU421607'),('Mazda','MX-5',69369520,'NO',88,'WBADR63441G582313'),('Ford','Mustang',44591098,'SI',89,'3GYFNAE34FS884766'),('Pontiac','Grand Prix',24141845,'NO',90,'5BZAF0AA4FN399811'),('Dodge','Durango',26251016,'NO',91,'5LMJJ3H50DE875485'),('Buick','Century',65920411,'NO',92,'3VW4A7AT7DM541188'),('Toyota','Celica',67397410,'SI',93,'SAJWA0EX1E8799505'),('Ford','Thunderbird',88124041,'NO',94,'WAUKG74F66N925628'),('Pontiac','Grand Prix',23042112,'NO',95,'JN8AE2KP4E9655667'),('Mercedes-Benz','C-Class',30597761,'NO',96,'2G4G15GV1B9744267'),('Chevrolet','Cavalier',91348059,'NO',97,'1G6KD57Y93U899639'),('Chrysler','Pacifica',86699203,'NO',98,'KNAFT4A24D5044467'),('GMC','Jimmy',43124704,'SI',99,'19UYA42751A910208'),('Toyota','Corolla',40440296,'SI',100,'WA1AY74L67D731393');
/*!40000 ALTER TABLE `carro` ENABLE KEYS */;
UNLOCK TABLES;

--
-- Table structure for table `cliente`
--

DROP TABLE IF EXISTS `cliente`;
/*!40101 SET @saved_cs_client     = @@character_set_client */;
/*!50503 SET character_set_client = utf8mb4 */;
CREATE TABLE `cliente` (
  `id` bigint NOT NULL AUTO_INCREMENT,
  `cedula` varchar(100) NOT NULL,
  `nombre` varchar(100) NOT NULL,
  `telefono_1` varchar(100) DEFAULT NULL,
  `telefono_2` varchar(100) DEFAULT NULL,
  PRIMARY KEY (`id`)
) ENGINE=InnoDB AUTO_INCREMENT=101 DEFAULT CHARSET=utf8mb4 COLLATE=utf8mb4_0900_ai_ci;
/*!40101 SET character_set_client = @saved_cs_client */;

--
-- Dumping data for table `cliente`
--

LOCK TABLES `cliente` WRITE;
/*!40000 ALTER TABLE `cliente` DISABLE KEYS */;
INSERT INTO `cliente` VALUES (1,'577-19-7519','Min Bartos','9458013106','1377737419'),(2,'842-78-2618','Anet Dmytryk','1764377979','6806868038'),(3,'324-53-2605','Lynelle Ekless','2588994948','6101997210'),(4,'179-63-6690','Basilio Ort','7198578763','3069408612'),(5,'185-24-2482','Monro Grieger','8271056552','3141550584'),(6,'849-67-6003','Boone De Ambrosi','5389162346','8823581328'),(7,'180-56-8394','Arabela Jolly','6365705907','4922213073'),(8,'674-79-5166','Hedvige Trowle','9801064460','5336374207'),(9,'194-33-8338','Leisha Peoples','9956367697','3505820593'),(10,'172-96-1090','Roi Yabsley','6958807951','9361183466'),(11,'848-66-1831','Sissie Smeeth','7117305818','4078538881'),(12,'472-78-7614','Zared Shorto','2924269051','3025215549'),(13,'742-44-0923','Valaree Hellcat','8762983649','5716820565'),(14,'263-16-7033','Darcie Irnis','7469193642','7092801668'),(15,'170-18-2616','Sayre Dearlove','8895631875','7438166011'),(16,'121-41-2110','Jeni McGenn','3151451637','3703066917'),(17,'520-87-8684','Nanine Bentall','8617190637','6017376042'),(18,'873-89-8587','Pacorro Skylett','6441350891','1058284435'),(19,'738-82-7201','Ariadne O\'Henecan','2982985086','2683138613'),(20,'384-84-2139','Aubrey Gronowe','9586426977','2714604878'),(21,'301-19-9825','Giacinta Dobrowlski','3938696956','7395730341'),(22,'217-55-8804','Brion Hewins','7406063281','4535086189'),(23,'594-55-9195','Ernaline Lilleman','9757456856','9627651939'),(24,'747-45-7567','Floyd Walczynski','3816471635','8467136989'),(25,'122-38-9553','Catherin Slad','6703354737','2989176128'),(26,'357-68-6413','Gerta Palomba','1159152540','6801080714'),(27,'402-90-1435','Christy Stobbe','7602361472','3958691255'),(28,'260-43-0218','Rollin Agate','4144608307','6854078304'),(29,'719-15-1198','Calla Grigoli','7755631609','9345382885'),(30,'591-29-7846','Lyndell Grzesiewicz','6441135644','3251772064'),(31,'151-24-3956','Coral Trewhitt','6526318950','3577426529'),(32,'329-81-1345','Cherin Bamborough','7582029681','2399042265'),(33,'670-40-6026','Forrester Bourley','4866094952','6588196341'),(34,'820-56-4821','Zeke Delafoy','4907312135','9861671967'),(35,'539-70-5217','Julieta Scotts','8827907668','2207127982'),(36,'776-70-2781','Penn Tydeman','3135970157','8438029126'),(37,'715-36-2677','Giralda Sharpley','3578913257','6884437276'),(38,'379-90-5566','Babs Hollyman','4993862172','2174197776'),(39,'490-47-8870','Silvie Showen','7205652788','1484231525'),(40,'319-93-3251','Ash Ryburn','1312167913','4048040706'),(41,'515-89-0343','Ferrell Sleaford','4994870764','7651428997'),(42,'888-04-4422','Costa Guinness','1879535817','6936846141'),(43,'822-08-3529','Veronica Bamford','9326992609','7803150270'),(44,'686-33-6608','Tatum Troman','4636736607','9527660181'),(45,'862-03-0297','Lon Derisly','7896840306','4374724876'),(46,'316-79-9230','Tasia Rebeiro','5633971810','4661875559'),(47,'257-21-2186','Leon Clappison','5091609437','8493596103'),(48,'177-41-3626','Doll Bufton','3753490867','7621370575'),(49,'706-71-8172','Filip Wilks','2581347219','2345662941'),(50,'150-16-4455','Jaquelyn Mottini','7083705765','6851758361'),(51,'467-31-6348','Dunstan Zollner','1176866726','3751463442'),(52,'659-87-8593','Tallou Arsnell','5695009721','2185063673'),(53,'225-49-3963','Persis Winterbourne','6204959135','6109100380'),(54,'267-32-3376','Ken Ollington','7235651654','4172798940'),(55,'123-37-5091','Cecelia McIlwreath','5661869066','5121560223'),(56,'240-40-1889','Marice Gossan','1918835458','2122839619'),(57,'338-89-3923','Phillipp Hadleigh','3667961198','4038090714'),(58,'826-01-7376','Garrott Bottini','2522842557','8133121813'),(59,'748-79-9768','Fredric Tuxwell','4429493751','9361775848'),(60,'512-78-8249','Richmound Felix','3783400194','1783939568'),(61,'251-83-4634','Gabriele Merring','3917623547','4969778559'),(62,'630-89-7698','Jobie Kleingrub','2744471662','2901067044'),(63,'623-64-3288','Shurwood Pitone','4384368109','6544258858'),(64,'596-23-6954','Dayna Heller','9422584872','5085615717'),(65,'514-70-8282','Bibby Usher','8634988907','7567872773'),(66,'342-50-7826','Keir Mothersdale','5787836755','8538944270'),(67,'854-65-0766','Byrom Fieldgate','9418163139','1096109932'),(68,'531-97-2193','Emera Clere','3489011647','4606082907'),(69,'142-09-0063','Katerine Bartalucci','4575656629','9952336398'),(70,'248-90-2161','Gratiana Clewer','8837484908','5585624402'),(71,'782-11-7027','Callean MacKnockiter','7432736858','2471449937'),(72,'487-42-3584','Morris Cettell','5426908078','1051141000'),(73,'448-72-2710','Jacob Insley','2994580659','4156043136'),(74,'458-41-7844','Sasha Rushmare','1256983227','9965937859'),(75,'759-06-9536','Yovonnda Moorwood','3188745599','4672824845'),(76,'863-77-4747','Saudra Darree','5031554990','8515486465'),(77,'454-12-4519','Cordie Palfrey','3621329128','3784245493'),(78,'281-29-7306','Allyn Murrigan','2419311231','3908895731'),(79,'592-46-7193','Nikolos Schuricht','7397644908','5849719186'),(80,'349-10-4334','Erina Espie','3084106648','4234569246'),(81,'500-35-0589','Jaquith Pick','2203267601','1848313220'),(82,'213-35-5067','Jacklyn Antos','2878085075','1672323795'),(83,'784-60-3812','Hamlen Hallibone','7174530232','4265673133'),(84,'747-23-4063','Genni Purtell','7225058884','5496952468'),(85,'258-48-5968','Joannes Magenny','2289500777','3161556384'),(86,'884-83-8689','Demott Megainey','2815580201','2791097748'),(87,'284-50-0550','Jessalin Maylin','8324924007','9315709379'),(88,'714-07-4156','Cathee Holby','5711887792','7389196163'),(89,'300-16-2489','Lemuel Melling','5025203917','6977262478'),(90,'697-74-1166','Sherilyn Dakhno','9924013902','1227059511'),(91,'263-54-9511','Camille Kilgrove','7612604097','7628795028'),(92,'613-97-0789','Augusto Folomkin','3627423090','3702291844'),(93,'834-06-3672','Aldrich Dutnell','9578260833','9715112566'),(94,'204-79-7399','Jerome Girth','1149352831','7806558446'),(95,'282-32-5726','Brooks Cairney','9043363541','1606832201'),(96,'530-04-7791','Kaia Baskerfield','6429938448','1454528026'),(97,'890-70-0547','Cilka Frankom','5659777673','7769696965'),(98,'174-08-8221','Lanie Height','9588793531','9977180282'),(99,'779-43-1379','Clementia Kaplan','4743462513','5335554757'),(100,'677-22-3389','Melba Wolford','9951019243','9583489471');
/*!40000 ALTER TABLE `cliente` ENABLE KEYS */;
UNLOCK TABLES;

--
-- Table structure for table `pagos`
--

DROP TABLE IF EXISTS `pagos`;
/*!40101 SET @saved_cs_client     = @@character_set_client */;
/*!50503 SET character_set_client = utf8mb4 */;
CREATE TABLE `pagos` (
  `id` bigint NOT NULL AUTO_INCREMENT,
  `fecha` datetime NOT NULL,
  `valor` double NOT NULL,
  `alquiler_id` bigint NOT NULL,
  PRIMARY KEY (`id`)
) ENGINE=InnoDB AUTO_INCREMENT=281 DEFAULT CHARSET=utf8mb4 COLLATE=utf8mb4_0900_ai_ci;
/*!40101 SET character_set_client = @saved_cs_client */;

--
-- Dumping data for table `pagos`
--

LOCK TABLES `pagos` WRITE;
/*!40000 ALTER TABLE `pagos` DISABLE KEYS */;
INSERT INTO `pagos` VALUES (241,'2024-04-15 00:13:51',719473,1),(242,'2024-04-10 08:41:51',851052,44),(243,'2023-06-08 04:25:09',161382,8),(244,'2024-04-13 14:14:48',471266,1),(245,'2023-05-14 16:05:19',324724,29),(246,'2023-10-13 22:51:01',914144,1),(247,'2024-01-18 13:47:16',726885,1),(248,'2023-09-22 00:42:01',298976,25),(249,'2023-05-29 20:20:47',134972,49),(250,'2023-12-20 13:35:54',258770,31),(251,'2024-02-19 17:43:47',916212,14),(252,'2023-08-05 18:35:06',402722,24),(253,'2023-05-06 15:43:52',630367,18),(254,'2023-04-10 12:44:23',170550,6),(255,'2023-11-19 22:40:56',563640,40),(256,'2023-12-09 02:17:29',424889,45),(257,'2023-06-01 17:08:32',282436,7),(258,'2023-08-08 06:29:31',689366,26),(259,'2023-04-11 13:49:07',880203,17),(260,'2023-03-17 23:10:03',227116,39),(261,'2024-04-16 04:43:38',974892,16),(262,'2024-02-03 17:20:36',629956,27),(263,'2023-12-29 04:56:07',354826,43),(264,'2024-04-06 07:36:18',885647,38),(265,'2023-08-12 10:33:24',848228,25),(266,'2023-08-18 21:20:29',288579,38),(267,'2024-03-21 02:35:17',990862,36),(268,'2023-12-21 14:14:28',515757,6),(269,'2024-01-14 07:24:40',220744,35),(270,'2023-04-10 01:54:33',200453,47),(271,'2023-11-23 07:37:05',813054,5),(272,'2023-05-13 22:13:51',643704,14),(273,'2023-03-04 05:25:03',531803,18),(274,'2023-04-14 03:29:28',168495,33),(275,'2023-09-10 01:54:04',304122,19),(276,'2023-04-05 04:07:55',237343,32),(277,'2023-09-12 02:45:33',158128,36),(278,'2023-09-03 16:57:29',374132,40),(279,'2024-01-01 02:11:58',643996,33),(280,'2024-03-05 11:22:53',620077,26);
/*!40000 ALTER TABLE `pagos` ENABLE KEYS */;
UNLOCK TABLES;

--
-- Dumping routines for database 'pruebatecnica'
--
/*!40103 SET TIME_ZONE=@OLD_TIME_ZONE */;

/*!40101 SET SQL_MODE=@OLD_SQL_MODE */;
/*!40014 SET FOREIGN_KEY_CHECKS=@OLD_FOREIGN_KEY_CHECKS */;
/*!40014 SET UNIQUE_CHECKS=@OLD_UNIQUE_CHECKS */;
/*!40101 SET CHARACTER_SET_CLIENT=@OLD_CHARACTER_SET_CLIENT */;
/*!40101 SET CHARACTER_SET_RESULTS=@OLD_CHARACTER_SET_RESULTS */;
/*!40101 SET COLLATION_CONNECTION=@OLD_COLLATION_CONNECTION */;
/*!40111 SET SQL_NOTES=@OLD_SQL_NOTES */;

-- Dump completed on 2024-04-17 18:24:51
